Phi,Theta,E_deloc,E_nonbond,E_hyd,E_tot,E_meth,norm_E_meth,new_E_nb,new_E_deloc
226,0,0,1.0492542050999418,-1571.7346595614,-1571.7333615322,-1570.6854053563,0.001298029199915618,0.001298029199915618,-1571.7346595614,1.0492542050999418
82,5,0,1.048496541600116,-1571.7334484916,-1571.7334306176,-1570.68495195,1.78739999228128e-05,0.001298029199915618,-1571.7347286468,1.0497766968001088
133,10,0,1.0488341742998273,-1571.7321684923,-1571.7321684923,-1570.683334318,0.0,0.0,-1571.7321684923,1.0488341742998273
26,15,0,1.048969513900147,-1571.7297047002,-1571.7297047002,-1570.6807351863,0.0,0.0018943485999898257,-1571.7315990488,1.0508638625001367
203,20,0,1.048915780399966,-1571.7258648517,-1571.7258648517,-1570.6769490713,0.0,0.0024875664998944558,-1571.7283524181998,1.0514033468998605
288,25,0,1.0486193620999984,-1571.7207479257,-1571.7207479257,-1570.6721285636,0.0,0.0031903554998962136,-1571.7239382812,1.0518097176000083
42,30,0,1.048079651900025,-1571.714101398,-1571.714101398,-1570.6660217461,0.0,0.003900102800002969,-1571.7180015007998,1.0519797546999143
284,40,0,1.0463330618001692,-1571.6963770133002,-1571.6961674034,-1570.6500439515,0.00020960990002549806,0.00452197009997235,-1571.7006893735002,1.050645422000116
146,50,0,1.0453681341998617,-1571.6735507653998,-1571.6711121037,-1570.6281826312,0.002438661700011835,0.0049578358999724514,-1571.6760699396,1.0478873084000497
337,60,0,1.0440625119999822,-1571.6432079454,-1571.6376154949,-1570.5991454334,0.005592450499989354,0.005143429999975524,-1571.6427589249001,1.043613491500082
223,0,10,1.0497256722999282,-1571.7361990786999,-1571.7349010495,-1570.6864734064,0.001298029199915618,0.00504495769996538,-1571.7399460072,1.053472600799978
103,5,10,1.0488066057998822,-1571.7344137665,-1571.7344137665,-1570.6856071607,0.0,0.004689811199909855,-1571.7391035777,1.0534964169999057
141,10,10,1.0490335211000001,-1571.7326825907,-1571.7326512569,-1570.6836490696,3.1333800052379956e-05,0.004126113999973313,-1571.7367773709,1.053128301299921
20,15,10,1.0490473303998442,-1571.7296301797999,-1571.7295828605,-1570.6805828494,4.7319299937953474e-05,0.0034319301998948504,-1571.7330147906998,1.052431941299801
200,20,10,1.04886874430008,-1571.7252507608,-1571.725164903,-1570.6763820165,8.5857800058875e-05,0.002728545399918403,-1571.7278934483998,1.0515114318998258
292,25,10,1.0483999677001066,-1571.7193984208002,-1571.7193271916,-1570.6709984531,7.122920010260714e-05,0.0021356914999159926,-1571.7214628831,1.05046442999992
52,30,10,1.0476839443001609,-1571.712051761,-1571.7119870008,-1570.6643678167,6.47601999617109e-05,0.0017631453999911173,-1571.7137501462,1.0493823295000766
275,40,10,1.0455361858998913,-1571.6926010285,-1571.6924236275,-1570.6470648426,0.00017740099997354264,0.0016687964999846372,-1571.6940924239998,1.0470275813997887
171,50,10,1.0439874763001171,-1571.6676052834,-1571.6654974505,-1570.6236178071,0.002107832900037465,0.001855387499972494,-1571.667352838,1.0437350309000522
330,60,10,1.0419011193002916,-1571.6346345339002,-1571.6299201434,-1570.5927334146,0.004714390499998444,0.002245534899998347,-1571.6321656783002,1.0394322637002915
234,0,20,1.0494069563999346,-1571.7382097728,-1571.7382097728,-1570.6888028164,0.0,0.0027265237999927194,-1571.7409362966,1.0521334801999274
80,5,20,1.049954219500023,-1571.7377935401,-1571.7374710559,-1570.6878393206,0.00032248419995539734,0.0031436948999044034,-1571.7406147508,1.052775430199972
128,10,20,1.0501581215999067,-1571.7358902223,-1571.7353972501,-1570.6857321007,0.000492972200049735,0.0033511856998984513,-1571.7387484358,1.0530163350999828
1,15,20,1.0501348991999748,-1571.7325874002,-1571.7319430707,-1570.682452501,0.0006443295000053695,0.0032940800999767816,-1571.7352371508,1.05278464980006
189,20,20,1.0499036014000467,-1571.7278601464,-1571.7270454801,-1570.677956545,0.0008146663000161425,0.0029981612999563367,-1571.7300436414,1.0520870964001006
297,25,20,1.0493656387998271,-1571.7215431623,-1571.7206152524,-1570.6721775235,0.000927909900042323,0.0025747739999815167,-1571.7231900264,1.0510125028999937
64,30,20,1.0485627485998066,-1571.7135930704999,-1571.7125485215,-1570.6650303219,0.0010445489999710844,0.0021609131999866804,-1571.7147094347,1.0496791127998222
268,40,20,1.0461744070998975,-1571.6923648453999,-1571.6909747455,-1570.6461904383,0.0013900998999361036,0.001878004199966199,-1571.6928527496998,1.046662311399814
159,50,20,1.044259444500085,-1571.6644622956,-1571.6609371355,-1570.6202028511,0.0035251601000254595,0.0017818074999240707,-1571.662718943,1.0425160919000973
325,60,20,1.0416355463999025,-1571.6269610861,-1571.6206804476,-1570.5853255397,0.006280638500015812,0.0018728085999555333,-1571.6225532562,1.037227716499956
248,0,30,1.0525836401000106,-1571.7434487208,-1571.7415543722,-1570.6908650807,0.0018943485999898257,0.0020635454000057507,-1571.7436179176,1.0527528369000265
79,5,30,1.0517334407002181,-1571.7417357915,-1571.7407713497,-1570.6900023508,0.0009644417999652433,0.0022200930999360935,-1571.7429914427998,1.0529890919999616
109,10,30,1.052014114700114,-1571.7400318402001,-1571.7386758289,-1570.6880177255,0.0013560113000039564,0.0022549199999275515,-1571.7409307489002,1.0529130234001514
15,15,30,1.0520668679998835,-1571.736952648,-1571.7352249541,-1570.68488578,0.0017276938999657432,0.002124557199977062,-1571.7373495113,1.0524637312998948
180,20,30,1.0519121923000512,-1571.7324720182,-1571.7303509746,-1570.6805598259,0.0021210436000274058,0.0018696018998980435,-1571.7322205765,1.0516607505999218
295,25,30,1.051451909400157,-1571.7264189293,-1571.7239550753,-1570.6749670199,0.0024638540000978537,0.0015762099999392376,-1571.7255312853,1.0505642653999985
50,30,30,1.0507259030000569,-1571.7187345027,-1571.7159140054,-1570.6680085997,0.0028204973000356404,1.78739999228128e-05,-1571.7159318794,1.047923279699944
264,40,30,1.048497077799766,-1571.6979575248997,-1571.6942574464,-1570.6494604471,0.0037000784999463576,0.0,-1571.6942574464,1.0447969992999333
168,50,30,1.046756145100062,-1571.6701536104001,-1571.6636767961,-1570.6233974653,0.006476814300071965,0.00032248419995539734,-1571.6639992802998,1.040601814999718
324,60,30,1.0442707309998696,-1571.6318152903,-1571.6217850792,-1570.5875445593,0.010030211100001907,0.0009644417999652433,-1571.622749521,1.0352049616999466
251,0,40,1.0545397168000363,-1571.7463643284,-1571.7438767619,-1570.6918246116,0.0024875664998944558,0.0018220595999309808,-1571.7456988215,1.0538742098999592
94,5,40,1.0538266523999482,-1571.7448828518,-1571.7430607922,-1570.6910561994,0.0018220595999309808,0.002774884399968869,-1571.7458356765999,1.0547794771998724
130,10,40,1.0542554393002774,-1571.7435071281002,-1571.7410322492,-1570.6892516888,0.002474878899988653,0.003668717799996557,-1571.744700967,1.055449278200058
14,15,40,1.0544693826002458,-1571.7408656613002,-1571.7377577278,-1570.6863962787,0.0031079335000185893,0.004372918699914408,-1571.7421306464998,1.0557343677999143
181,20,40,1.0544915703001152,-1571.7369463901,-1571.7331792717,-1570.6824548198,0.0037671183999918867,0.004789123899968217,-1571.7379683956,1.0555135758002052
316,25,40,1.0542285144999823,-1571.7316005099,-1571.7272141073,-1570.6773719954,0.004386402600061956,0.004886555300004147,-1571.7321006625998,1.0547286671996972
58,30,40,1.0537226844000998,-1571.7247922694,-1571.7197557584,-1570.671069585,0.0050365109999575,0.0046832273999370955,-1571.7244389858,1.0533694007999657
255,40,40,1.0520275578003293,-1571.7063566421002,-1571.6997677198,-1570.6543290843,0.006588922300011291,0.004263759699938419,-1571.7040314795,1.049702395200029
157,50,40,1.0509744151997893,-1571.6817178864999,-1571.6714981489,-1570.6307434713,0.010219737600095868,0.0037153916999841385,-1571.6752135406,1.044470069299905
343,60,40,1.0492982092000602,-1571.6469881109,-1571.6320795756,-1570.5976899017,0.014908535299923642,0.00312263779994737,-1571.6352022134001,1.037512311700084
232,0,50,1.0566172603000723,-1571.7485269384001,-1571.7453365829,-1570.6919096781,0.0031903554998962136,0.0025799799999504103,-1571.7479165629002,1.0560068848001265
89,5,50,1.056055410899944,-1571.7472112781,-1571.7444363937,-1570.6911558672,0.002774884399968869,0.0021680099999912272,-1571.7466044037,1.05544853650008
132,10,50,1.0566488544000094,-1571.7460954438,-1571.7424227999,-1570.6894465894,0.003672643900017647,0.0019490886999165014,-1571.7443718885997,1.0549252991997946
10,15,50,1.0570445279997784,-1571.7438206040997,-1571.7392727353,-1570.6867760761,0.0045478687999320755,0.0019405460999450952,-1571.7412132813997,1.0544372052997915
190,20,50,1.0572704906001036,-1571.7404021419002,-1571.7349517114,-1570.6831316513,0.005450430499990944,0.0021231670999668495,-1571.7370748785002,1.0539432272000795
314,25,50,1.0572390563002045,-1571.7357116359003,-1571.7293919348,-1570.6784725796,0.006319701100096609,0.0024174812999717687,-1571.7318094161,1.053336836499966
67,30,50,1.0569986161999623,-1571.7297215547999,-1571.7224904106,-1570.6727229386,0.00723114419997728,0.002726563899955181,-1571.7252169744997,1.0524940358998265
279,40,50,1.0559683269000288,-1571.7134410147,-1571.7040662518,-1570.6574726878,0.009374762899938105,0.002925814799937143,-1571.7069920666,1.0495193787999142
173,50,50,1.0558057282999016,-1571.6915104835,-1571.6777478016,-1570.6357047552,0.01376268190006158,0.0029059503999633307,-1571.680653752,1.0449489967998034
347,60,50,1.0552977057002408,-1571.6587524246002,-1571.6392618151,-1570.6034547189,0.019490609499939637,0.0026465524999821355,-1571.6419083676,1.0384536487001697
246,0,60,1.0584743397000693,-1571.7500502059002,-1571.7461501031,-1570.6915758662,0.003900102800002969,0.0021988914999155895,-1571.7483489945998,1.0567731283997546
77,5,60,1.0580380818998947,-1571.7488223265,-1571.7451536087,-1570.6907842446,0.003668717799996557,0.0016866769000216664,-1571.7468402856002,1.0560560410001472
125,10,60,1.0587702761001765,-1571.7478696028002,-1571.7431290795,-1570.6890993267,0.004740523300029054,0.0012456755999892266,-1571.7443747551001,1.0552754284001367
17,15,60,1.0593208100999618,-1571.7458401995,-1571.7400587883,-1570.6865193894,0.005781411200018738,0.0009828237999727207,-1571.7410416121002,1.0545222227001432
191,20,60,1.0597200535000866,-1571.7427505517,-1571.7359078359,-1570.6830304982,0.006842715800075894,0.0009302088000140429,-1571.7368380447,1.0538075465001384
304,25,60,1.0598863157999858,-1571.7384848878,-1571.7306194213,-1570.678598572,0.007865466500106777,0.001062885000010283,-1571.7316823063,1.0530837342998893
49,30,60,1.059869025199987,-1571.7330025681,-1571.7240750463,-1570.6731335429,0.008927521799932947,0.0012657269999181153,-1571.7253407732999,1.052207230399972
283,40,60,1.059370710299845,-1571.7178066503998,-1571.7064230206,-1570.6584359401,0.011383629799979644,0.001387049299978571,-1571.7078100699,1.0493741298000714
145,50,60,1.0599069565000718,-1571.6963548642,-1571.6802055314,-1570.6364479077,0.016149332800068805,0.0013355910999734988,-1571.6815411224998,1.0450932147998628
352,60,60,1.0604175277999275,-1571.6608452598,-1571.6384291216,-1570.600427732,0.022416138200014757,0.0010791805999588178,-1571.6395083021998,1.0390805701997579
244,0,70,1.0600108582000303,-1571.7510694723,-1571.7465475022,-1570.6910586141,0.00452197009997235,0.0006862118999606537,-1571.7472337140998,1.0561750999997912
91,5,70,1.0596640174999266,-1571.7498968467999,-1571.7455239281,-1570.6902328293,0.004372918699914408,0.00028183730000819196,-1571.7458057654,1.055572936100134
138,10,70,1.0604926997998518,-1571.7490542058,-1571.743539263,-1570.688561506,0.005514942800004974,0.0,-1571.743539263,1.0549777569999605
12,15,70,1.061144540199848,-1571.7471924436,-1571.7405809815,-1570.6860479034,0.006611462099954224,3.1333800052379956e-05,-1571.7406123153,1.0545644118999462
207,20,70,1.0616469903000052,-1571.7443251227,-1571.7366142177,-1570.6826781324,0.007710905000067214,0.000492972200049735,-1571.7371071899001,1.0544290575001014
296,25,70,1.0619151886000964,-1571.7402966576,-1571.7315440101,-1570.678381469,0.008752647500045896,0.0013560113000039564,-1571.7329000214,1.0545185523999407
44,30,70,1.0619972666002013,-1571.7350338149001,-1571.7252218348,-1570.6730365483,0.009811980100039364,0.002474878899988653,-1571.7276967137,1.054660165400037
267,40,70,1.0616912131001754,-1571.7201582273,-1571.7079629934,-1570.6584670142,0.012195233900001767,0.003672643900017647,-1571.7116356373,1.0531686231001913
150,50,70,1.0623830076003742,-1571.6978866581003,-1571.681078193,-1570.6355036505,0.016808465100098147,0.004740523300029054,-1571.6858187163002,1.050315065800305
351,60,70,1.0629998678000447,-1571.6574081935,-1571.6345236175,-1570.5944083257,0.022884576000024026,0.005514942800004974,-1571.6400385603001,1.0456302346001394
249,0,80,1.06097514399994,-1571.7516751607,-1571.7467173248,-1570.6907000167,0.0049578358999724514,0.005898877300069216,-1571.7526162021002,1.0619161854001504
86,5,80,1.0606762984998568,-1571.7505498026999,-1571.7457606788,-1570.6898735042,0.004789123899968217,0.005897055400055251,-1571.7516577342,1.0617842300000575
116,10,80,1.0615459599998758,-1571.7497765536,-1571.7438776763,-1570.6882305936,0.005898877300069216,0.005580319300065639,-1571.7494579956,1.0612274019999859
19,15,80,1.0622318212999744,-1571.7480014897,-1571.7410566867,-1570.6857696684,0.0069448030000103245,0.005094167600077526,-1571.7461508543001,1.0603811859000416
214,20,80,1.0627620617999582,-1571.7452292563,-1571.737260823,-1570.6824671945,0.007968433299993194,0.004564141400010158,-1571.7418249644002,1.059357769900089
294,25,80,1.0630500551999376,-1571.7412902935998,-1571.7323876924,-1570.6782402384,0.008902601200020399,0.004076788900079009,-1571.7364644813001,1.0582242429002235
71,30,80,1.0631371931999638,-1571.7361257649,-1571.7263104705,-1570.6729885717,0.009815294400027597,0.0037009515000363535,-1571.7300114220002,1.0570228503002
278,40,80,1.062752164299809,-1571.7212569393998,-1571.7094941248,-1570.6585047751,0.011762814599933336,0.0034764027000164788,-1571.7129705275,1.0544657523998922
156,50,80,1.0631608922001305,-1571.6982754337,-1571.6825586839,-1570.6351145415,0.015716749800049,0.003418817900069371,-1571.6859775018002,1.0508629603002646
326,60,80,1.0629678710999997,-1571.6538601049,-1571.6329734336,-1570.5908922338,0.020886671299990667,0.003505324199977622,-1571.6364787578,1.045586523999873
241,0,90,1.061329043599926,-1571.7519603447,-1571.7468169147,-1570.6906313011,0.005143429999975524,0.0036919825000722994,-1571.7505088972002,1.0598775961002502
105,5,90,1.061041552800134,-1571.7508148061002,-1571.7459282508,-1570.6897732533,0.004886555300004147,0.0038953059000732537,-1571.7498235567,1.0600503033999757
121,10,90,1.0619126358001267,-1571.7500187789,-1571.7441217235,-1570.6881061431,0.005897055400055251,0.0040320803000213346,-1571.7481538038,1.0600476607000928
21,15,90,1.0625895089997357,-1571.7482289845998,-1571.7414053972,-1570.6856394756,0.0068235873999356045,0.0040057418000287726,-1571.745411139,1.0597716633999426
205,20,90,1.0630970371000785,-1571.745438502,-1571.7377404235,-1570.6823414649,0.0076980784999705065,0.00374293690003924,-1571.7414833604003,1.059141895500261
313,25,90,1.063343101899818,-1571.74145977,-1571.7330146103,-1570.6781166681,0.008445159700045224,0.003259489000015492,-1571.7362740992999,1.0581574311997883
55,30,90,1.0633636934996957,-1571.7362110897998,-1571.7270866856,-1570.6728473963,0.009124404199951641,0.0026357218000612193,-1571.7297224074,1.056875011099919
254,40,90,1.0627655401999618,-1571.7212083083,-1571.7107886973,-1570.6584427681,0.010419610999974793,0.0020129345999748693,-1571.7128016318998,1.0543588637997345
153,50,90,1.0627713526000662,-1571.6977922327,-1571.6843939533,-1570.6350208801,0.013398279400007596,0.0015301203000035457,-1571.6859240736,1.0509031935000621
348,60,90,1.0617944524997256,-1571.6518140480998,-1571.6346280234,-1570.5900195956,0.017186024699981317,0.0012854753999818058,-1571.6359134988,1.0458939031998398
239,0,100,1.061048608999954,-1571.7514602448,-1571.7464152871,-1570.6904116358,0.00504495769996538,0.0012876484000798882,-1571.7477029355,1.0572912996999548
84,5,100,1.0607489791998432,-1571.7501915010998,-1571.7455082737,-1570.6894425219,0.0046832273999370955,0.0014848732000700693,-1571.7469931469,1.0575506249999762
117,10,100,1.061605439799905,-1571.7492599948,-1571.7436796755,-1570.687654555,0.005580319300065639,0.0017308504000084213,-1571.7454105259,1.0577559708999615
18,15,100,1.0622573397001815,-1571.7473055994,-1571.740927925,-1570.6850482597,0.0063776744000278995,0.001847811300081048,-1571.7427757363002,1.0577274766003484
202,20,100,1.0627224700001534,-1571.7443103945002,-1571.7372113332,-1570.6815879245,0.007099061299982168,0.0017353061000449088,-1571.7389466393001,1.0573587148001025
311,25,100,1.0629077875003077,-1571.7400918297003,-1571.7324336055,-1570.6771840422,0.007658224200099539,0.0013692644000684595,-1571.7338028699,1.0566188277000492
53,30,100,1.0628489131997867,-1571.7345557917997,-1571.7264534943,-1570.6717068786,0.00810229749993141,0.0008448075000160316,-1571.7272983018,1.055591423199985
260,40,100,1.0620128036998722,-1571.7188560246,-1571.7101190277,-1570.6568432209,0.008736996899983751,0.0003277949999755947,-1571.7104468227,1.0536036017999777
147,50,100,1.061643430800359,-1571.6945681729003,-1571.6838580205,-1570.6329247421,0.010710152400065454,0.0,-1571.6838580205,1.05093327840018
327,60,100,1.060257422099994,-1571.6485470027,-1571.6355354513,-1570.5882895806,0.013011551399927157,4.7319299937953474e-05,-1571.6355827706,1.0472931899998912
233,0,110,1.0602255093997428,-1571.7501529533997,-1571.7454631422,-1570.689927444,0.004689811199909855,0.0006443295000053695,-1571.7461074716998,1.0561800276998383
88,5,110,1.059908017600037,-1571.7485585788,-1571.7442948191,-1570.6886505612,0.004263759699938419,0.0017276938999657432,-1571.746022513,1.057371951800178
115,10,110,1.0607418690999566,-1571.747247756,-1571.7421535884,-1570.6865058869,0.005094167600077526,0.0031079335000185893,-1571.7452615219,1.0587556349998977
30,15,110,1.0613653382999928,-1571.7448456291,-1571.7390299063,-1570.6834802908,0.005815722799979994,0.0045478687999320755,-1571.7435777750998,1.0600974842998312
182,20,110,1.0617954722001741,-1571.7413298503002,-1571.7348859152,-1570.6795343781,0.006443935100037379,0.005781411200018738,-1571.7406673264,1.061132948299928
291,25,110,1.061934520900195,-1571.736502397,-1571.7296189993,-1570.6745678761,0.006883397700107707,0.006611462099954224,-1571.7362304614,1.0616625853001551
62,30,110,1.0618137679000483,-1571.7302644295,-1571.7230926356,-1570.6684506616,0.007171793899942713,0.0069448030000103245,-1571.7300374386,1.0615867770000023
263,40,110,1.060775293299912,-1571.7126256619,-1571.7052874129,-1570.6518503686,0.007338248999985808,0.0068235873999356045,-1571.7121110003,1.0602606316999754
144,50,110,1.0600797470999623,-1571.6858283249,-1571.6772903648,-1570.6257485778,0.008537960100056807,0.0063776744000278995,-1571.6836680392,1.0579194613999334
341,60,110,1.0583255428000484,-1571.6381527487001,-1571.6285490954,-1570.5798272059,0.009603653300018777,0.005815722799979994,-1571.6343648182,1.0545376123000096
229,0,120,1.0589974715001063,-1571.7474726337,-1571.7433465197,-1570.6884751622,0.004126113999973313,0.005301621599983264,-1571.7486481413,1.0601729791001162
78,5,120,1.0586599470998408,-1571.7452512242999,-1571.7415358326,-1570.6865912772,0.0037153916999841385,0.004921691399999872,-1571.746457524,1.059866246800084
137,10,120,1.059473403100128,-1571.7431804110001,-1571.7386162696,-1570.6837070079,0.004564141400010158,0.004720519199963746,-1571.7433367888,1.059629780899968
7,15,120,1.0600789483999051,-1571.7398682613,-1571.7345666397,-1570.6797893129,0.005301621599983264,0.0046925345999397905,-1571.7392591743,1.0594698613999753
192,20,120,1.0604962953998438,-1571.7352717160998,-1571.7293344065,-1570.6747754207,0.005937309599971741,0.004806720099963968,-1571.7341411265998,1.059365705899836
302,25,120,1.0606251710999004,-1571.7291681534998,-1571.7227990543,-1570.6685429824,0.006369099200014716,0.004999630999918736,-1571.7277986852998,1.059255702899918
69,30,120,1.060491677400023,-1571.7214414492,-1571.7148135751,-1570.6609497718,0.0066278740999905494,0.005199723799933054,-1571.7200132988999,1.0590635270998519
280,40,120,1.059384035900166,-1571.7000310542,-1571.6933975387,-1570.6406470183,0.006633515499970599,0.0053169272999866735,-1571.6987144660002,1.0580674477002958
175,50,120,1.0584862875998624,-1571.6683143548998,-1571.6608660025,-1570.6098280673,0.0074483524000470425,0.005280072999994445,-1571.6661460755,1.0563180081999235
332,60,120,1.05620058720001,-1571.6152912599,-1571.6075342918,-1570.5590906727,0.007756968100011363,0.005019385199943827,-1571.612553677,1.0534630043000561
224,0,130,1.057390108599975,-1571.7425670567,-1571.7391351265,-1570.6851769481,0.0034319301998948504,0.004497576599987951,-1571.7436327031,1.0584557550000682
74,5,130,1.057030906899854,-1571.7393056048,-1571.736182967,-1570.6822746979,0.00312263779994737,0.003768975100001626,-1571.7399519421,1.057677244200022
134,10,130,1.05782846399984,-1571.7359647389999,-1571.7318879501,-1570.678136275,0.004076788900079009,0.0029468115000099715,-1571.7348347615998,1.056698486599771
24,15,130,1.0584264640999663,-1571.7311112822,-1571.7261895908,-1570.6726848181,0.004921691399999872,0.002195085599964841,-1571.7283846763999,1.0556998582999313
196,20,130,1.0588459402001718,-1571.7246702203001,-1571.7190037969,-1570.6658242801,0.005666423400043641,0.0016613901999562586,-1571.7206651871002,1.054840907000198
299,25,130,1.0589888827000777,-1571.716413286,-1571.7102070914,-1570.6574244033,0.006206194600054005,0.001438535200009028,-1571.7116456265999,1.054221223299919
48,30,130,1.0588825889001328,-1571.706201889,-1571.6996342589,-1570.6473193001,0.0065676300999939485,0.0015139567000233,-1571.7011482156,1.0538289154999347
282,40,130,1.0578623434996643,-1571.6789228817997,-1571.6721879885,-1570.6210605383,0.006734893299949363,0.0018041260999552833,-1571.6739921146,1.0529315762998976
177,50,130,1.0570278905001942,-1571.6409343733003,-1571.6333449793,-1570.5839064828,0.007589394000092398,0.002128970599983404,-1571.6354739499002,1.0515674671000852
334,60,130,1.0545871253000314,-1571.5834600652001,-1571.5757699738,-1570.5288729399,0.007690091399922494,0.0022767411999211618,-1571.578046715,1.0491737750999164
217,0,140,1.0554722316996958,-1571.7348018541998,-1571.7320733088,-1570.6793296225,0.002728545399918403,0.002129184599994005,-1571.7342024934,1.0548728708999988
72,5,140,1.0550694392002242,-1571.7301180127001,-1571.7275380327,-1570.6750485735,0.0025799799999504103,0.001667283400024644,-1571.7292053161,1.054156742600071
118,10,140,1.0558223255002304,-1571.7250571558002,-1571.7213562043,-1570.6692348303,0.0037009515000363535,0.0010130096999318994,-1571.722369214,1.053134383700126
29,15,140,1.0563722463000431,-1571.7181421436,-1571.7134216244,-1570.6617698973,0.004720519199963746,0.0003763280000157465,-1571.7137979524,1.0520280550999814
184,20,140,1.05674163639992,-1571.7092665941,-1571.7036171684,-1570.6525249577,0.005649425699971289,0.0,-1571.7036171684,1.051092210699835
321,25,140,1.0568388798001251,-1571.6981990221002,-1571.6918163273,-1570.6413601423,0.006382694800095123,8.5857800058875e-05,-1571.6919021851002,1.050542042800089
63,30,140,1.0567023905998667,-1571.6848486952,-1571.6779031943,-1570.6281463046,0.006945500899973922,0.0008146663000161425,-1571.6787178606,1.0505715560000226
261,40,140,1.055707625299874,-1571.6509602693,-1571.6434336264,-1570.595252644,0.007526642899961189,0.0021210436000274058,-1571.6455546700001,1.050302026000054
152,50,140,1.0550084701999367,-1571.6086202771,-1571.5998431823,-1570.5536118069,0.00877709480005251,0.0037671183999918867,-1571.6036103007,1.049998493799876
350,60,140,1.0527084128000297,-1571.5555700102,-1571.5464079585,-1570.5028615974,0.00916205169994555,0.005450430499990944,-1571.5518583889998,1.0489967915998477
242,0,150,1.0531552794000163,-1571.7238768738,-1571.7217411823,-1570.6707215944,0.0021356914999159926,0.006842715800075894,-1571.7285838981002,1.0578623037001762
97,5,150,1.0526494209998418,-1571.7178531529999,-1571.715685143,-1570.665203732,0.0021680099999912272,0.007710905000067214,-1571.723396048,1.0581923160000315
111,10,150,1.0532793323000078,-1571.7112171522,-1571.7077407495,-1570.6579378199,0.0034764027000164788,0.007968433299993194,-1571.7157091828,1.0577713628999845
28,15,150,1.053684522499907,-1571.7024773013,-1571.6977847667,-1570.6487927788,0.0046925345999397905,0.0076980784999705065,-1571.7054828451999,1.056690066399824
210,20,150,1.053883487099938,-1571.691525452,-1571.6856942385,-1570.6376419649,0.005831213500073318,0.007099061299982168,-1571.6927932998,1.0551513349000743
301,25,150,1.0537766785000713,-1571.6781491806,-1571.6713583119,-1570.6243725021,0.006790868700022656,0.006443935100037379,-1571.6778022469998,1.0534297448998586
61,30,150,1.0533958838000217,-1571.6623274249,-1571.6547283971,-1570.6089315411,0.00759902779998356,0.005937309599971741,-1571.6606657067,1.0517341656000099
285,40,150,1.0518234067999401,-1571.6238079497,-1571.6150780941,-1570.5719845429,0.008729855599995062,0.005666423400043641,-1571.6207445175,1.0487599745999887
174,50,150,1.0506123032998858,-1571.5801945663,-1571.5695970911,-1570.529582263,0.010597475200029294,0.005649425699971289,-1571.5752465167998,1.045664253799714
336,60,150,1.0483385079999152,-1571.5342162017998,-1571.522603386,-1570.4858776938,0.01161281579993556,0.005831213500073318,-1571.5284345995,1.0425569057001667
247,0,160,1.0507608059999711,-1571.7113480522,-1571.7095849068,-1570.6605872462,0.0017631453999911173,0.006131971300078476,-1571.7157168781,1.0551296318999448
99,5,160,1.050149729499708,-1571.7050978306997,-1571.703148742,-1570.6549481012,0.0019490886999165014,0.00644577700006721,-1571.709594519,1.0546464177998587
123,10,160,1.0506452268002704,-1571.6982400605002,-1571.6948212426,-1570.6475948337,0.003418817900069371,0.006671030600045924,-1571.7014922732,1.0538974395001333
4,15,160,1.050883740199879,-1571.6893064588999,-1571.6844997388,-1570.6384227187,0.004806720099963968,0.006707913800028109,-1571.6912076526,1.0527849339000568
188,20,160,1.0508820113002457,-1571.6782148555003,-1571.6720828842,-1570.6273328442,0.006131971300078476,0.006495659700021861,-1571.6785785439001,1.0512456997000754
322,25,160,1.0505370357000174,-1571.6647730873,-1571.657475763,-1570.6142360516,0.007297324300111541,0.005990679200067461,-1571.6634664422002,1.049230390600087
56,30,160,1.049879770400139,-1571.6489632038001,-1571.6406285633,-1570.5990834334,0.008334640500038404,0.0051925952000146935,-1571.6458211585,1.0467377251000016
253,40,160,1.0476328699999158,-1571.6105000370999,-1571.6004913226,-1570.5628671671,0.010008714499917915,0.004197249900016686,-1571.6046885725,1.0418214054000146
154,50,160,1.0457793574000789,-1571.5663206077002,-1571.5537757948,-1570.5205412503,0.012544812900046054,0.003155462300014733,-1571.5569312571001,1.0363900068000476
342,60,160,1.0437559038998643,-1571.5195959083999,-1571.5052588217,-1570.4758400045,0.01433708669992484,0.002258953500017924,-1571.5075177752,1.031677770700071
228,0,170,1.0488092455000242,-1571.7008771285,-1571.699208332,-1570.652067883,0.0016687964999846372,0.0016696085000376115,-1571.7008779405,1.0488100575000772
100,5,170,1.0482189783997455,-1571.6964085016998,-1571.6944679556,-1570.6481895233,0.0019405460999450952,0.0014778088000184653,-1571.6959457644,1.0477562410999326
136,10,170,1.0487391274000402,-1571.6915866704,-1571.6880813462,-1570.642847543,0.003505324199977622,0.0016518787000450175,-1571.6897332249,1.0468856818999939
9,15,170,1.049013304599839,-1571.6849944122998,-1571.6799947813,-1570.6359811077,0.004999630999918736,0.0020709576000399466,-1571.6820657388998,1.0460846311998466
212,20,170,1.0490627932999814,-1571.6765854171,-1571.6701396401,-1570.6275226238,0.00644577700006721,0.002515051399996082,-1571.6726546915,1.045132067700024
298,25,170,1.04879003020028,-1571.6661807065002,-1571.6584306191,-1570.6173906763,0.007750087400040684,0.002732662500079641,-1571.6611632816002,1.043772605300319
41,30,170,1.0482312235001245,-1571.6537437673,-1571.6447949923,-1570.6055125438,0.00894877500002167,0.0025774506000288966,-1571.6473724429,1.041859899100018
272,40,170,1.0463084278001133,-1571.6225806917,-1571.6115476962,-1570.5762722639,0.01103299549993153,0.0020309787000769575,-1571.6135786749,1.037306411000145
176,50,170,1.0448961104002592,-1571.5842618566003,-1571.5701363169,-1570.5393657462,0.014125539700103218,0.0012431365000793448,-1571.5713794534001,1.0320137072001216
345,60,170,1.0429518424998605,-1571.5377468657998,-1571.5211085668,-1570.4947950233,0.016638298999964718,0.0004735424000728017,-1571.5215821092002,1.026787085900196
220,0,180,1.0481110481000542,-1571.6968940227,-1571.6950386352,-1570.6487829746,0.001855387499972494,0.0,-1571.6950386352,1.0462556606000817
102,5,180,1.0476861956999528,-1571.6958433175,-1571.6937201504,-1570.6481571218,0.0021231670999668495,7.122920010260714e-05,-1571.6937913796,1.0456342577999749
112,10,180,1.0483794477001993,-1571.6946163400003,-1571.6909243575,-1570.6462368923,0.0036919825000722994,0.000927909900042323,-1571.6918522674,1.045615375099942
6,15,180,1.0488401556999634,-1571.6918451561,-1571.6866454323,-1570.6430050004,0.005199723799933054,0.0024638540000978537,-1571.6891092863002,1.0461042859001282
201,20,180,1.0490993548999086,-1571.6875367906,-1571.68086576,-1570.6384374357,0.006671030600045924,0.004386402600061956,-1571.6852521626001,1.0468147269000383
320,25,180,1.0490666231000887,-1571.681558688,-1571.6735436907,-1570.6324920649,0.008014997300051618,0.006319701100096609,-1571.6798633918002,1.0473713269002474
40,30,180,1.048787066900104,-1571.6739023036,-1571.6646311268,-1570.6251152367,0.00927117679998446,0.007865466500106777,-1571.6724965933001,1.0473813566002264
269,40,180,1.0475436778999665,-1571.6533622351,-1571.6418211897,-1570.6058185572,0.011541045400008443,0.008752647500045896,-1571.6505738372002,1.0447552800001176
165,50,180,1.0469452063998688,-1571.6267362175,-1571.6117879111,-1570.5797910111,0.014948306400015099,0.008902601200020399,-1571.6206905123,1.040899501199874
359,60,180,1.0457623275999595,-1571.5915877508999,-1571.573638726,-1570.5458254233,0.01794902489996275,0.008445159700045224,-1571.5820838856998,1.0362584623999282
236,0,190,1.0489683738999247,-1571.7010733708998,-1571.698827836,-1570.652104997,0.002245534899998347,0.007658224200099539,-1571.7064860602,1.054381063200026
81,5,190,1.0486720864000745,-1571.7032691264,-1571.7008516451,-1570.65459704,0.0024174812999717687,0.006883397700107707,-1571.7077350428003,1.053138002800324
113,10,190,1.0494916459001615,-1571.7052036262003,-1571.7013083203,-1570.6557119803,0.0038953059000732537,0.006369099200014716,-1571.7076774195002,1.051965439200103
13,15,190,1.0500801195000804,-1571.7055585854,-1571.7002416581,-1570.6554784659,0.0053169272999866735,0.006206194600054005,-1571.7064478527,1.050969386800034
206,20,190,1.0504706699998678,-1571.7043866374,-1571.6976787236,-1570.6539159674,0.006707913800028109,0.006382694800095123,-1571.7040614184,1.0501454509999348
307,25,190,1.050576343199964,-1571.7016018964,-1571.6936229857,-1570.6510255532,0.00797891070010337,0.006790868700022656,-1571.7004138543998,1.0493883011997696
66,30,190,1.0504446292000011,-1571.6972411356,-1571.688069431,-1570.6467965064,0.009171704600021258,0.007297324300111541,-1571.6953667553003,1.0485702489002051
258,40,190,1.0495286805000887,-1571.6837298217001,-1571.6723739188,-1570.6342011412,0.011355902899936154,0.007750087400040684,-1571.6801240062,1.045922864999966
148,50,190,1.049287891800077,-1571.6649074219001,-1571.6501442342,-1570.6156195301,0.014763187700054914,0.008014997300051618,-1571.6581592315001,1.0425397014000737
331,60,190,1.0484617161000642,-1571.6385187358,-1571.6206139425,-1570.5900570197,0.017904793299976518,0.00797891070010337,-1571.6285928532002,1.038535833500191
227,0,200,1.0511124577001283,-1571.7117597398,-1571.709033216,-1570.6606472821,0.0027265237999927194,0.00758961190001628,-1571.7166228279002,1.0559755458002655
83,5,200,1.0507674093998958,-1571.7154534382998,-1571.7127268744,-1570.6646860289,0.002726563899955181,0.006829457100025138,-1571.7195563315,1.0548703025999657
124,10,200,1.0515451009000572,-1571.7187439838,-1571.7147119035,-1570.6671988829,0.0040320803000213346,0.005736501800015503,-1571.7204484053,1.0532495223999376
16,15,200,1.052096885400033,-1571.7203544316,-1571.7150743586,-1570.6682575462,0.005280072999994445,0.004451857000049131,-1571.7195262156001,1.0512686694000877
211,20,200,1.052457008499914,-1571.7203733273,-1571.7138776676,-1570.6679163188,0.006495659700021861,0.003169467500015344,-1571.7170471351,1.0491308163000213
309,25,200,1.0525400816998172,-1571.7187452111998,-1571.7111555993,-1570.6662051295,0.00758961190001628,0.002114848500013977,-1571.7132704478,1.0470653182999285
57,30,200,1.0523940525999933,-1571.7155332263999,-1571.7069285612,-1570.6631391738,0.008604665199982264,0.0014691016000369927,-1571.7083976628,1.0452584890001617
276,40,200,1.0514729526998963,-1571.704393883,-1571.6939561549,-1570.6529209303,0.010437728099986998,0.0013241763000451101,-1571.6952803312001,1.042359400900068
172,50,200,1.0512618481000118,-1571.6881927718,-1571.6746708773,-1570.6369309237,0.013521894500058806,0.0016293995000751238,-1571.6763002768002,1.0393693531002555
329,60,200,1.0504946851999648,-1571.6648193419,-1571.6483938114,-1570.6143246567,0.016425530499986962,0.0022229032000495863,-1571.6506167146,1.0362920578998
225,0,210,1.0537400430000616,-1571.7245232033001,-1571.7213795084,-1570.6707831603,0.0031436948999044034,0.002833867100093812,-1571.7242133755003,1.053430215200251
87,5,210,1.0532131558998117,-1571.7278875713998,-1571.7249617566,-1570.6746744155,0.002925814799937143,0.0031640202000744466,-1571.7281257768,1.053451361299949
114,10,210,1.0538293127999623,-1571.7308706899,-1571.7268649481,-1570.6770413771,0.0040057418000287726,0.003030463400023109,-1571.7298954115,1.052854034399843
11,15,210,1.0542380558999866,-1571.7322096845,-1571.7271902993,-1570.6779716286,0.005019385199943827,0.002408264000109739,-1571.7295985633,1.0516269346999252
194,20,210,1.054471202600098,-1571.7320036899,-1571.7260130107,-1570.6775324873,0.005990679200067461,0.0014774196000644224,-1571.7274904303,1.0499579429999812
323,25,210,1.0544400892999874,-1571.7302014835,-1571.7233720264,-1570.6757613942,0.006829457100025138,0.00055449400008456,-1571.7239265204003,1.0481651262002742
65,30,210,1.0541903365999588,-1571.7268678620999,-1571.7192894628,-1570.6726775255,0.007578399299973171,0.0,-1571.7192894628,1.0466119372999856
262,40,210,1.0530900603000646,-1571.7156524873,-1571.7068042369,-1570.662562427,0.008848250399978497,6.47601999617109e-05,-1571.7068689971002,1.0443065701001615
164,50,210,1.0527336060001744,-1571.6995921846,-1571.6882501791,-1570.6468585786,0.011342005500068808,0.0010445489999710844,-1571.6892947280999,1.042436149499963
338,60,210,1.0518670313999792,-1571.676572684,-1571.6628890544,-1570.6247056526,0.013683629599995584,0.0028204973000356404,-1571.6657095517,1.041003899100133
250,0,220,1.0560976940996625,-1571.7354783431997,-1571.7321271575,-1570.6793806491,0.0033511856998984513,0.0050365109999575,-1571.7371636684998,1.0577830193997215
93,5,220,1.055401698399919,-1571.7376292725999,-1571.7347233222,-1570.6822275742,0.0029059503999633307,0.00723114419997728,-1571.7419544663999,1.059726892199933
110,10,220,1.0558643507999932,-1571.7395901851,-1571.7358472482,-1570.6837258343,0.00374293690003924,0.008927521799932947,-1571.7447747699998,1.0610489356997732
32,15,220,1.0561303596998641,-1571.7400686422,-1571.7355710656,-1570.6839382825,0.004497576599987951,0.009811980100039364,-1571.7453830457,1.0614447631999155
204,20,220,1.0562289160000091,-1571.7391409135,-1571.7339483183,-1570.6829119975,0.0051925952000146935,0.009815294400027597,-1571.7437636127001,1.0608516152001357
315,25,220,1.056070633499985,-1571.7367387453,-1571.7310022435,-1570.6806681118,0.005736501800015503,0.009124404199951641,-1571.7401266477,1.0594585358999211
70,30,220,1.055699774200093,-1571.7329091809002,-1571.7267375608,-1570.6772094067,0.006171620099962638,0.00810229749993141,-1571.7348398583,1.0576304515998345
277,40,220,1.0543658202000188,-1571.7209513086,-1571.7141941179,-1570.6665854884,0.0067571907000001374,0.007171793899942713,-1571.7213659118,1.0547804233999614
149,50,220,1.0537875678001,-1571.7044319483,-1571.6959303058,-1570.6506443805,0.008501642500050366,0.0066278740999905494,-1571.7025581798998,1.0519137993999266
354,60,220,1.0527167093998742,-1571.6811459865999,-1571.6710661825,-1570.6284292772,0.010079804099973444,0.0065676300999939485,-1571.6776338126,1.049204535400122
219,0,230,1.0580755890000546,-1571.7432913004,-1571.7399972203,-1570.6852157114,0.0032940800999767816,0.006945500899973922,-1571.7469427212,1.0617270098000517
73,5,230,1.0572665100000904,-1571.7442039779,-1571.7415574254,-1570.6869374679,0.0026465524999821355,0.00759902779998356,-1571.7491564532002,1.0622189853002055
142,10,230,1.0576175799997145,-1571.7451426860998,-1571.7418831971,-1570.6875251061,0.003259489000015492,0.008334640500038404,-1571.7502178375998,1.0626927314997374
25,15,230,1.057774398499987,-1571.7447830131,-1571.741014038,-1570.6870086146,0.003768975100001626,0.00894877500002167,-1571.749962813,1.0629541983998934
193,20,230,1.0577655124000103,-1571.7431712653,-1571.7389740154,-1570.6854057529,0.004197249900016686,0.00927117679998446,-1571.7482451921999,1.062839439299978
293,25,230,1.0574995003000822,-1571.7402124621,-1571.7357606051,-1570.6827129618,0.004451857000049131,0.009171704600021258,-1571.7449323097,1.0622193479000543
39,30,230,1.0570188946999224,-1571.7359329049,-1571.7313578192,-1570.6789140102,0.004575085700025738,0.008604665199982264,-1571.7399624844,1.061048474199879
259,40,230,1.0554602075999355,-1571.7233378414999,-1571.7188674098,-1570.6678776339,0.0044704316999286675,0.007578399299973171,-1571.7264458091,1.05856817519998
151,50,230,1.0546487955002704,-1571.7064568230003,-1571.7010091499,-1570.6518080275,0.005447673100093198,0.006171620099962638,-1571.70718077,1.0553727424999124
344,60,230,1.0533047513997644,-1571.6828532723998,-1571.6766230178,-1570.629548521,0.006230254599927321,0.004575085700025738,-1571.6811981035,1.0516495824999765
216,0,240,1.059650382100017,-1571.7481510336,-1571.7451528723,-1570.6885006515,0.0029981612999563367,0.0030318574999910197,-1571.7481847298,1.0596840783000516
107,5,240,1.0587753445997805,-1571.7481788845998,-1571.7459799931,-1570.68940354,0.0021988914999155895,0.0018083400999557853,-1571.7477883331999,1.0583847931998207
108,10,240,1.0590584850001505,-1571.748396637,-1571.7457609152,-1570.689338152,0.0026357218000612193,0.0011104305000344539,-1571.7468713457001,1.0575331937002375
34,15,240,1.059144562100073,-1571.7474467624002,-1571.7444999509,-1570.6883022003,0.0029468115000099715,0.0010353748999705203,-1571.7455353258001,1.0572331255000336
197,20,240,1.0590604908002206,-1571.7453477906001,-1571.7421923283,-1570.6862872998,0.003155462300014733,0.001512409599968123,-1571.7437047378999,1.0574174380999466
290,25,240,1.058716875300206,-1571.7419940026002,-1571.7388245351,-1570.6832771273,0.003169467500015344,0.0023358068000334242,-1571.7411603419,1.0578832145999968
59,30,240,1.058158209000112,-1571.7374085961,-1571.7343767386,-1570.6792503871,0.0030318574999910197,0.0031714222999426056,-1571.7375481609001,1.0582977738001773
271,40,240,1.0564338459000737,-1571.7244379569001,-1571.7220878537,-1570.668004111,0.0023501032000012856,0.0036622832000148264,-1571.7257501369,1.0577460258998599
155,50,240,1.0554221751999648,-1571.7073958629,-1571.7047018914,-1570.6519736877,0.0026939715000935394,0.00358127929996499,-1571.7082831706998,1.0563094829997226
349,60,240,1.0538214575001348,-1571.6836519407002,-1571.6808152205,-1570.6298304832,0.0028367201999799363,0.002889576699999452,-1571.6837047972,1.0538743140000406
218,0,250,1.0609204069999123,-1571.7508615222,-1571.7482867482,-1570.6899411152,0.0025747739999815167,0.0017993983999531338,-1571.7500861465999,1.0601450313997702
90,5,250,1.060009506200231,-1571.7503602563002,-1571.7486735794,-1570.6903507501,0.0016866769000216664,0.0006941172999859191,-1571.7493676967001,1.0590169466001953
140,10,250,1.0602531966999322,-1571.7501364062,-1571.7481234716,-1570.6898832095,0.0020129345999748693,0.00020960990002549806,-1571.7483330814998,1.0584498719997555
5,15,250,1.0602987915997346,-1571.7488234347998,-1571.7466283492,-1570.6885246432,0.002195085599964841,0.00017740099997354264,-1571.7468057501999,1.058281106999857
213,20,250,1.0601753150999684,-1571.7464381688,-1571.7441792153,-1570.6862628537,0.002258953500017924,0.0013900998999361036,-1571.7455693151999,1.059306461499773
289,25,250,1.0597928622999007,-1571.7428680274,-1571.7407531789,-1570.6830751651,0.002114848500013977,0.0037000784999463576,-1571.7444532574,1.0613780922999467
51,30,250,1.059195820199875,-1571.7381269083999,-1571.7363185683,-1570.6789310882,0.0018083400999557853,0.006588922300011291,-1571.7429074906,1.0639764023999305
252,40,250,1.0573990335001326,-1571.7250198676002,-1571.7242524025,-1570.6676208341,0.0007674651000115773,0.009374762899938105,-1571.7336271653999,1.0660063312998318
170,50,250,1.0562909015002333,-1571.7080492566001,-1571.7072979941,-1570.6517583551,0.0007512625001027118,0.011383629799979644,-1571.7186816239,1.0669232688001102
328,60,250,1.0545301403999474,-1571.6844373574,-1571.683848356,-1570.629907217,0.0005890013999305665,0.012195233900001767,-1571.6960435899,1.0661363729000186
240,0,260,1.0616647710000962,-1571.7520829369,-1571.7499220237,-1570.6904181659,0.0021609131999866804,0.011762814599933336,-1571.7616848383,1.0712666724000428
98,5,260,1.0607415857998603,-1571.7513066364,-1571.7500609608,-1570.6905650506,0.0012456755999892266,0.010419610999974793,-1571.7604805718001,1.0699155212000733
139,10,260,1.0609786838001583,-1571.750857915,-1571.7493277947,-1570.6898792312,0.0015301203000035457,0.008736996899983751,-1571.7580647916002,1.0681855604002521
23,15,260,1.0610221690999424,-1571.7493682338,-1571.7477068436,-1570.6883460647,0.0016613901999562586,0.007338248999985808,-1571.7550450926,1.0666990279000856
186,20,260,1.0608992380000473,-1571.7468458283001,-1571.7451762198,-1570.6859465903,0.0016696085000376115,0.006633515499970599,-1571.7518097353,1.0658631449998666
303,25,260,1.0605197893999048,-1571.7431730327999,-1571.7417039312,-1570.6826532434,0.0014691016000369927,0.006734893299949363,-1571.7484388244998,1.0657855810998171
45,30,260,1.0599283018000278,-1571.7383676884,-1571.7372572579,-1570.6784393866,0.0011104305000344539,0.007526642899961189,-1571.7447839008,1.0663445141999546
286,40,260,1.0581522059999315,-1571.7252739074,-1571.7252739074,-1570.6671217014,0.0,0.008729855599995062,-1571.734003763,1.0668820615999266
161,50,260,1.0570918637999966,-1571.7085590013,-1571.7085590013,-1570.6514671375,0.0,0.010008714499917915,-1571.7185677158,1.0671005782999146
339,60,260,1.0553854023000895,-1571.6854346893,-1571.6854346893,-1570.630049287,0.0,0.01103299549993153,-1571.6964676848002,1.0664183978001347
245,0,270,1.0618427506001353,-1571.7524757942,-1571.75059779,-1570.6906330436,0.001878004199966199,0.011541045400008443,-1571.7621388354,1.071505791800064
104,5,270,1.0609295270999155,-1571.7516015986998,-1571.7506187749,-1570.6906720716,0.0009828237999727207,0.011355902899936154,-1571.7619746778,1.0713026062001063
143,10,270,1.0611794431999897,-1571.7510576414,-1571.749772166,-1570.6898781982,0.0012854753999818058,0.010437728099986998,-1571.7602098941,1.0703316958999949
2,15,270,1.0612430790001781,-1571.7494835795,-1571.7480450443,-1570.6882405005,0.001438535200009028,0.008848250399978497,-1571.7568932947,1.068652794200034
185,20,270,1.061149979999982,-1571.7468959604,-1571.7454181516,-1570.6857459804,0.0014778088000184653,0.0067571907000001374,-1571.7521753423,1.0664293618999636
317,25,270,1.0608103114000187,-1571.7431810607,-1571.7418568844,-1570.6823707493,0.0013241763000451101,0.0044704316999286675,-1571.7463273161,1.063956566800016
36,30,270,1.0602678284999456,-1571.7383583224,-1571.7373229475,-1570.6780904939,0.0010353748999705203,0.0023501032000012856,-1571.7396730506998,1.061582556799749
270,40,270,1.0586128979998648,-1571.7253086875999,-1571.7251443081,-1570.6666957896,0.00016437950000636192,0.0007674651000115773,-1571.7259117732,1.0592159836000974
169,50,270,1.0577114099999108,-1571.7087883503,-1571.7081942686,-1570.6510769403,0.0005940817000009702,0.0,-1571.7081942686,1.0571173282999098
335,60,270,1.056225649200087,-1571.6861670066,-1571.6848853042,-1570.6299413574,0.0012817023999787125,0.00016437950000636192,-1571.6850496837,1.0551083263001146
243,0,280,1.0613931896998565,-1571.7520921525997,-1571.7503103451,-1570.6906989629,0.0017818074999240707,0.0011468200999615874,-1571.7514571652,1.0607582023001214
92,5,280,1.0605128655001863,-1571.7512164947002,-1571.7502862859,-1570.6907036292,0.0009302088000140429,0.0026361776999692665,-1571.7529224636,1.0622188344000278
122,10,280,1.060800816999972,-1571.7506639812,-1571.7493763328,-1570.6898631642,0.0012876484000798882,0.004138011699978961,-1571.7535143445,1.0636511802999848
35,15,280,1.060905418700031,-1571.7490640427,-1571.747550086,-1570.688158624,0.0015139567000233,0.0051268949999894176,-1571.7526769810001,1.0645183570002246
199,20,280,1.0608571571999619,-1571.7464338647,-1571.744781986,-1570.6855767075,0.0016518787000450175,0.005247785299957286,-1571.7500297713,1.0644530637998741
300,25,280,1.0605694751002375,-1571.7426663751003,-1571.7410369756,-1570.6820969,0.0016293995000751238,0.004417439599933459,-1571.7454544152001,1.0633575152000958
60,30,280,1.0600887680000142,-1571.7377845082,-1571.7362720986,-1570.6776957402,0.001512409599968123,0.002921208699945055,-1571.7391933073,1.0614975670998774
257,40,280,1.058596200099828,-1571.7246107690999,-1571.723463949,-1570.666014569,0.0011468200999615874,0.001315348099979019,-1571.7247792971,1.058764728099959
167,50,280,1.057925838300207,-1571.7079960453002,-1571.7056253659,-1570.650070207,0.0023706794000872833,0.002438661700011835,-1571.7080640276,1.0579938205999042
340,60,280,1.056759370600048,-1571.6853941217,-1571.6811746038,-1570.6286347511,0.004219517899969105,0.002107832900037465,-1571.6832824367,1.0546476856000027
221,0,290,1.060341131199948,-1571.7513984266,-1571.749525618,-1570.6910572954,0.0018728085999555333,0.0035251601000254595,-1571.7530507781,1.061993482700018
106,5,290,1.0594996547001756,-1571.7505289851001,-1571.7494661001,-1570.6910293304,0.001062885000010283,0.006476814300071965,-1571.7559429144003,1.064913584000351
126,10,290,1.0598290676000488,-1571.7499492632,-1571.74846439,-1570.6901201956,0.0014848732000700693,0.010219737600095868,-1571.7586841276002,1.0685639320001883
22,15,290,1.0599828587000957,-1571.7482987282,-1571.7464946021,-1570.6883158695,0.0018041260999552833,0.01376268190006158,-1571.760257284,1.0719414145000883
215,20,290,1.0599929380002777,-1571.7455951297002,-1571.7435241721,-1570.6856021917,0.0020709576000399466,0.016149332800068805,-1571.7596735049,1.074071313200193
312,25,290,1.0597694059999867,-1571.7417168076,-1571.7394939044,-1570.6819474016,0.0022229032000495863,0.016808465100098147,-1571.7563023695002,1.0743549679002626
54,30,290,1.0593582145002074,-1571.7366748068002,-1571.734339,-1570.6773165923,0.0023358068000334242,0.015716749800049,-1571.7500557498001,1.0727391575001093
266,40,290,1.0580398658000831,-1571.7230251315,-1571.7203889538,-1570.6649852657,0.0026361776999692665,0.013398279400007596,-1571.7337872332,1.0688019675001215
162,50,290,1.057620004599812,-1571.7057164010998,-1571.7008354865,-1570.6480963965,0.004880914599993957,0.010710152400065454,-1571.7115456389001,1.063449242400111
358,60,290,1.056786690099898,-1571.6821788506,-1571.6739872923,-1570.6253921605,0.008191558299927237,0.008537960100056807,-1571.6825252524,1.0571330918999138
238,0,300,1.0588003389000278,-1571.7503742885,-1571.7483107431,-1570.6915739496,0.0020635454000057507,0.0074483524000470425,-1571.7557590955003,1.0641851459001828
75,5,300,1.0580059955000252,-1571.7494752997,-1571.7482095727,-1570.6914693042,0.0012657269999181153,0.007589394000092398,-1571.7557989667002,1.0643296625003131
131,10,300,1.0583821889001683,-1571.7488292150001,-1571.7470983646,-1570.6904470261,0.0017308504000084213,0.00877709480005251,-1571.7558754594002,1.0654284333002124
0,15,300,1.0585830370998792,-1571.7470648746998,-1571.7449359041,-1570.6884818376,0.002128970599983404,0.010597475200029294,-1571.7555333793,1.0670515417000388
183,20,300,1.0586435548000281,-1571.7441881532,-1571.7416731018,-1570.6855445984,0.002515051399996082,0.012544812900046054,-1571.7542179147,1.0686733162999644
318,25,300,1.0584788969999863,-1571.7400731045,-1571.7372392374,-1570.6815942075,0.002833867100093812,0.014125539700103218,-1571.7513647771002,1.069770569600223
47,30,300,1.058135627399679,-1571.7347198757998,-1571.7315484535,-1570.6765842484,0.0031714222999426056,0.014948306400015099,-1571.7464967598999,1.0699125114997514
287,40,300,1.0569747661998008,-1571.7201272254,-1571.7159892137,-1570.6631524592,0.004138011699978961,0.014763187700054914,-1571.7307524014,1.0675999421998768
179,50,300,1.056770916600044,-1571.7013232821,-1571.6939076314,-1570.6445523655,0.007415650700067999,0.013521894500058806,-1571.7074295259,1.0628771603999212
333,60,300,1.0562126816998898,-1571.6755994348998,-1571.6633898571,-1570.6193867532,0.012209577799922045,0.011342005500068808,-1571.6747318625999,1.0553451093999229
235,0,310,1.0568666749998101,-1571.7487757324998,-1571.7465556394,-1570.6919090575,0.0022200930999360935,0.008501642500050366,-1571.7550572819,1.063148224400038
76,5,310,1.0561292180000237,-1571.7478389577,-1571.7464519084,-1570.6917097397,0.001387049299978571,0.005447673100093198,-1571.7518995815003,1.0601898418003657
127,10,310,1.0565585319002366,-1571.7470936794002,-1571.7452458681,-1570.6905351475,0.001847811300081048,0.0026939715000935394,-1571.7479398396001,1.0574046921001354
3,15,310,1.0568071780999162,-1571.7451541963999,-1571.7428774552,-1570.6883470183,0.0022767411999211618,0.0007512625001027118,-1571.7436287177002,1.0552816994002114
187,20,310,1.0569112770001539,-1571.7420138672,-1571.7392812047,-1570.6851025902,0.002732662500079641,0.0,-1571.7392812047,1.054178614500188
319,25,310,1.0567907352001384,-1571.7375391131002,-1571.7343750929,-1570.6807483779,0.0031640202000744466,0.0005940817000009702,-1571.7349691746,1.054220796700065
37,30,310,1.056498559000147,-1571.7317153722001,-1571.728053089,-1570.6752168132,0.0036622832000148264,0.0023706794000872833,-1571.7304237684002,1.0552069552002195
273,40,310,1.055456440999933,-1571.7157319420999,-1571.7106050471,-1570.6602755011,0.0051268949999894176,0.004880914599993957,-1571.7154859616999,1.0552104605999375
166,50,310,1.0554201547001867,-1571.6947410662,-1571.6855420242,-1570.6393209115,0.00919904200009114,0.007415650700067999,-1571.6929576749,1.0536367634001635
356,60,310,1.055143364199921,-1571.6658446397,-1571.6506923126,-1570.6107012755,0.015152327099940521,0.00919904200009114,-1571.6598913546002,1.0491900791000717
237,0,320,1.05479916889999,-1571.7466247784,-1571.7443698584,-1570.6918256095,0.0022549199999275515,0.00967581120005434,-1571.7540456696001,1.0622200601001168
101,5,320,1.0541164586002196,-1571.7456737049001,-1571.7443381138,-1570.6915572463,0.0013355910999734988,0.008680117900098594,-1571.7530182317,1.0614609854001174
129,10,320,1.0545952299000874,-1571.7448248989,-1571.7430895928,-1570.690229669,0.0017353061000449088,0.006588456800045606,-1571.7496780496,1.059448380600088
8,15,320,1.0548886630001562,-1571.7426984415001,-1571.7405692569,-1570.6878097785,0.002129184599994005,0.004199986800017541,-1571.7447692437,1.0569594651999523
208,20,320,1.0550318407001669,-1571.7392816363001,-1571.7367041857,-1570.6842497956,0.0025774506000288966,0.005592450499989354,-1571.7422966362,1.0580468406001273
305,25,320,1.054943569200077,-1571.7344286777002,-1571.7313982143,-1570.6794851085,0.003030463400023109,0.004714390499998444,-1571.7361126048,1.056627496299825
43,30,320,1.05468046710007,-1571.7281120457,-1571.7245307664,-1570.6734315786,0.00358127929996499,0.006280638500015812,-1571.7308114049001,1.0573798263001208
265,40,320,1.053717630799838,-1571.7107140325998,-1571.7054662473,-1570.6569964018,0.005247785299957286,0.010030211100001907,-1571.7154964584,1.0585000565999962
158,50,320,1.0538132024998959,-1571.6875109062998,-1571.6778350951,-1570.6336977038,0.00967581120005434,0.014908535299923642,-1571.6927436304,1.0590459265999925
357,60,320,1.0538044756999625,-1571.6553871377,-1571.6392146165,-1570.601582662,0.01617252120001922,0.019490609499939637,-1571.6587052260002,1.0571225640001103
230,0,330,1.0527429170999767,-1571.7436048797,-1571.7414803225,-1570.6908619626,0.002124557199977062,0.022416138200014757,-1571.7638964607,1.0730344981000144
85,5,330,1.0521004079000704,-1571.7427129438001,-1571.7416337632,-1570.6906125359,0.0010791805999588178,0.022884576000024026,-1571.7645183392,1.073905803300022
135,10,330,1.052615550399878,-1571.741853388,-1571.7404841236,-1570.6892378376,0.0013692644000684595,0.020886671299990667,-1571.7613707949,1.0721329572998002
31,15,330,1.0529405716997644,-1571.7396540313998,-1571.737986748,-1570.6867134597,0.001667283400024644,0.017186024699981317,-1571.7551727727,1.0684593129999485
195,20,330,1.0531063036000887,-1571.7360979258,-1571.7340669471,-1570.6829916222,0.0020309787000769575,0.013011551399927157,-1571.7470784984998,1.0640868762998252
310,25,330,1.0530278121000265,-1571.731025263,-1571.728616999,-1570.6779974509,0.002408264000109739,0.009603653300018777,-1571.7382206523,1.0602232014000492
68,30,330,1.052763155500088,-1571.7243999543,-1571.7215103776,-1570.6716367988,0.002889576699999452,0.007756968100011363,-1571.7292673457,1.0576305469001
274,40,330,1.0517821977000494,-1571.7061160567,-1571.7016986171,-1570.654333859,0.004417439599933459,0.007690091399922494,-1571.7093887084998,1.055054849499811
163,50,330,1.0518848268000056,-1571.6816033316,-1571.6729232137,-1570.6297185048,0.008680117900098594,0.00916205169994555,-1571.6820852654,1.05236676060008
355,60,330,1.0520381322000958,-1571.6477196993,-1571.6327538712,-1570.5956815671,0.01496582810000291,0.01161281579993556,-1571.644366687,1.0486851199000284
231,0,340,1.0510189567999078,-1571.7398114465,-1571.7379418446,-1570.6887924897,0.0018696018998980435,0.01433708669992484,-1571.7522789313,1.0634864415999346
95,5,340,1.0503766680999433,-1571.7390011487,-1571.7383149368,-1570.6886244806,0.0006862118999606537,0.016638298999964718,-1571.7549532357998,1.06632875519972
119,10,340,1.0508904641001209,-1571.7382060524,-1571.7373612449,-1570.6873155883,0.0008448075000160316,0.01794902489996275,-1571.7553102698,1.0679946815000676
27,15,340,1.0512113867000608,-1571.7360577157,-1571.735044706,-1570.684846329,0.0010130096999318994,0.017904793299976518,-1571.7529494993,1.0681031702999917
209,20,340,1.0513692516001356,-1571.7325493685,-1571.731306232,-1570.6811801169,0.0012431365000793448,0.016425530499986962,-1571.7477317624998,1.0665516455999295
306,25,340,1.0512739617001898,-1571.7275248117003,-1571.7260473921,-1570.67625085,0.0014774196000644224,0.013683629599995584,-1571.7397310217002,1.063480171700121
46,30,340,1.0509784606999801,-1571.7209473112,-1571.7191479128,-1570.6699688505,0.0017993983999531338,0.010079804099973444,-1571.7292277169,1.0592588663998868
256,40,340,1.049878430299941,-1571.7027747757,-1571.699853567,-1570.6528963454,0.002921208699945055,0.006230254599927321,-1571.7060838215998,1.0531874761998097
178,50,340,1.0497967404000974,-1571.6785005163001,-1571.6719120595,-1570.6287037759,0.006588456800045606,0.0028367201999799363,-1571.6747487797002,1.0460450038001454
346,60,340,1.0497918104999826,-1571.645200576,-1571.6331922483,-1570.5954087655,0.012008327699959409,0.0005890013999305665,-1571.6337812497,1.0383724841999538
222,0,350,1.0497726041999158,-1571.7362366987,-1571.7346604887,-1570.6864640945,0.0015762099999392376,0.0,-1571.7346604887,1.0481963941999766
96,5,350,1.049068938100163,-1571.7353137545,-1571.7350319172,-1570.6862448164,0.00028183730000819196,0.0012817023999787125,-1571.7363136196,1.0500688032000198
120,10,350,1.049525131199971,-1571.7344609773,-1571.7341331823,-1570.6849358461,0.0003277949999755947,0.004219517899969105,-1571.7383527001998,1.0534168540998508
33,15,350,1.0497858626001744,-1571.7323011151002,-1571.7319247871,-1570.6825152525,0.0003763280000157465,0.008191558299927237,-1571.7401163454,1.0576010929000859
198,20,350,1.0498754702000497,-1571.7288253304,-1571.728351788,-1570.6789498602,0.0004735424000728017,0.012209577799922045,-1571.7405613658,1.0616115056000126
308,25,350,1.049700086600069,-1571.7238899342,-1571.7233354402,-1570.6741898476,0.00055449400008456,0.015152327099940521,-1571.7384877672998,1.0642979196998112
38,30,350,1.0493100638002488,-1571.7174791388002,-1571.7167850215,-1570.668169075,0.0006941172999859191,0.01617252120001922,-1571.7329575427002,1.0647884677002821
281,40,350,1.047964202699859,-1571.6999463373,-1571.6986309892,-1570.6519821346,0.001315348099979019,0.01496582810000291,-1571.7135968173,1.061614682699883
160,50,350,1.0475205986999754,-1571.6768728783,-1571.6726728915,-1570.6293522796,0.004199986800017541,0.012008327699959409,-1571.6846812192,1.055328939600031
353,60,350,1.0469824546000837,-1571.6456331386,-1571.6372010733,-1570.598650684,0.00843206529998497,0.00843206529998497,-1571.6456331386,1.0469824546000837
